step	bar
0	7.965289268652031
1	6.014046612276148
2	5.484695799651992
3	4.607856229281035
4	3.8206572268661443
5	2.7091863034013457
6	1.170166509544348
7	0.13495528051039063
