step	bar
0	2.622048981499006
1	1.1565260274500617
2	0.34468560790231884
