step	foo
0	0.6199009651233546
1	1.931217796121257
2	2.9409775065995314
3	3.7622883475733646
4	4.2727418529199825
5	5.956839761994596
6	6.25811356060601
7	7.422255742473995
