step	foo
0	0.7051256298480337
1	1.734140432336959
2	2.5524313570552346
