{
    "foo": 2.5524313570552346,
    "bar": 0.34468560790231884,
    "step": 2
}
