{
    "foo": 7.422255742473995,
    "bar": 0.13495528051039063,
    "step": 7
}
